"props","State.State<:holds_GrabbedInOrder_&&","State.State<:holds_GrabbedInOrder_<=","State.State<:holds_GrabbedInOrder_<=>","State.State<:holds_GrabbedInOrder_=>","State.State<:holds_GrabOrRelease_&&","State.State<:holds_GrabOrRelease_<=","State.State<:holds_GrabOrRelease_<=>","State.State<:holds_GrabOrRelease_=>","State.State<:holds_run1_&&","State.State<:holds_run1_<=","State.State<:holds_run1_<=>","State.State<:holds_run1_=>","State.State<:holds_run2_&&","State.State<:holds_run2_<=","State.State<:holds_run2_<=>","State.State<:holds_run2_=>","State.State<:holds_run5_&&","State.State<:holds_run5_<=","State.State<:holds_run5_<=>","State.State<:holds_run5_=>","State.State<:waits_GrabbedInOrder_&&","State.State<:waits_GrabbedInOrder_<=","State.State<:waits_GrabbedInOrder_<=>","State.State<:waits_GrabbedInOrder_=>","State.State<:waits_GrabOrRelease_&&","State.State<:waits_GrabOrRelease_<=","State.State<:waits_GrabOrRelease_<=>","State.State<:waits_GrabOrRelease_=>","State.State<:waits_run1_&&","State.State<:waits_run1_<=","State.State<:waits_run1_<=>","State.State<:waits_run1_=>","State.State<:waits_run2_&&","State.State<:waits_run2_<=","State.State<:waits_run2_<=>","State.State<:waits_run2_=>","State.State<:waits_run5_&&","State.State<:waits_run5_<=","State.State<:waits_run5_<=>","State.State<:waits_run5_=>","State<:holds_GrabbedInOrder_&&","State<:holds_GrabbedInOrder_<=","State<:holds_GrabbedInOrder_<=>","State<:holds_GrabbedInOrder_=>","State<:holds_GrabOrRelease_&&","State<:holds_GrabOrRelease_<=","State<:holds_GrabOrRelease_<=>","State<:holds_GrabOrRelease_=>","State<:holds_run1_&&","State<:holds_run1_<=","State<:holds_run1_<=>","State<:holds_run1_=>","State<:holds_run2_&&","State<:holds_run2_<=","State<:holds_run2_<=>","State<:holds_run2_=>","State<:holds_run5_&&","State<:holds_run5_<=","State<:holds_run5_<=>","State<:holds_run5_=>","State<:holds.Mutex_GrabbedInOrder_&&","State<:holds.Mutex_GrabbedInOrder_<=","State<:holds.Mutex_GrabbedInOrder_<=>","State<:holds.Mutex_GrabbedInOrder_=>","State<:holds.Mutex_GrabOrRelease_&&","State<:holds.Mutex_GrabOrRelease_<=","State<:holds.Mutex_GrabOrRelease_<=>","State<:holds.Mutex_GrabOrRelease_=>","State<:holds.Mutex_run1_&&","State<:holds.Mutex_run1_<=","State<:holds.Mutex_run1_<=>","State<:holds.Mutex_run1_=>","State<:holds.Mutex_run2_&&","State<:holds.Mutex_run2_<=","State<:holds.Mutex_run2_<=>","State<:holds.Mutex_run2_=>","State<:holds.Mutex_run5_&&","State<:holds.Mutex_run5_<=","State<:holds.Mutex_run5_<=>","State<:holds.Mutex_run5_=>","State<:waits_GrabbedInOrder_&&","State<:waits_GrabbedInOrder_<=","State<:waits_GrabbedInOrder_<=>","State<:waits_GrabbedInOrder_=>","State<:waits_GrabOrRelease_&&","State<:waits_GrabOrRelease_<=","State<:waits_GrabOrRelease_<=>","State<:waits_GrabOrRelease_=>","State<:waits_run1_&&","State<:waits_run1_<=","State<:waits_run1_<=>","State<:waits_run1_=>","State<:waits_run2_&&","State<:waits_run2_<=","State<:waits_run2_<=>","State<:waits_run2_=>","State<:waits_run5_&&","State<:waits_run5_<=","State<:waits_run5_<=>","State<:waits_run5_=>","State<:waits.Mutex_GrabbedInOrder_&&","State<:waits.Mutex_GrabbedInOrder_<=","State<:waits.Mutex_GrabbedInOrder_<=>","State<:waits.Mutex_GrabbedInOrder_=>","State<:waits.Mutex_GrabOrRelease_&&","State<:waits.Mutex_GrabOrRelease_<=","State<:waits.Mutex_GrabOrRelease_<=>","State<:waits.Mutex_GrabOrRelease_=>","State<:waits.Mutex_run1_&&","State<:waits.Mutex_run1_<=","State<:waits.Mutex_run1_<=>","State<:waits.Mutex_run1_=>","State<:waits.Mutex_run2_&&","State<:waits.Mutex_run2_<=","State<:waits.Mutex_run2_<=>","State<:waits.Mutex_run2_=>","State<:waits.Mutex_run5_&&","State<:waits.Mutex_run5_<=","State<:waits.Mutex_run5_<=>","State<:waits.Mutex_run5_=>"
"acyclic",1,1,1,-1,1,1,1,-1,1,1,1,-1,1,1,1,-1,-1,1,1,-1,1,1,1,-1,1,1,1,-1,1,1,1,-1,1,1,1,-1,-1,1,1,-1,0,0,0,0,0,0,0,0,0,0,0,0,0,0,0,0,0,0,0,0,1,1,1,-1,1,1,1,-1,1,1,1,-1,1,1,1,-1,-1,1,1,-1,0,0,0,0,0,0,0,0,0,0,0,0,0,0,0,0,0,0,0,0,1,1,1,-1,1,1,1,-1,1,1,1,-1,1,1,1,-1,-1,1,1,-1
"antisymmetric",1,1,1,-1,1,1,1,-1,1,1,1,-1,1,1,1,-1,-1,1,1,-1,1,1,1,-1,1,1,1,-1,1,1,1,-1,1,1,1,-1,-1,1,1,-1,0,0,0,0,0,0,0,0,0,0,0,0,0,0,0,0,0,0,0,0,1,1,1,-1,1,1,1,-1,1,1,1,-1,1,1,1,-1,-1,1,1,-1,0,0,0,0,0,0,0,0,0,0,0,0,0,0,0,0,0,0,0,0,1,1,1,-1,1,1,1,-1,1,1,1,-1,1,1,1,-1,-1,1,1,-1
"antisymmetric3",0,0,0,0,0,0,0,0,0,0,0,0,0,0,0,0,0,0,0,0,0,0,0,0,0,0,0,0,0,0,0,0,0,0,0,0,0,0,0,0,1,1,1,-1,1,1,1,-1,1,1,1,-1,1,1,1,-1,-1,1,1,-1,0,0,0,0,0,0,0,0,0,0,0,0,0,0,0,0,0,0,0,0,1,1,1,-1,1,1,1,-1,1,1,1,-1,1,1,1,-1,-1,1,1,-1,0,0,0,0,0,0,0,0,0,0,0,0,0,0,0,0,0,0,0,0
"bijection",1,1,1,1,1,1,1,1,1,1,1,1,1,1,1,1,-1,1,1,1,1,1,1,1,-1,1,1,1,1,1,1,1,1,1,1,1,-1,1,1,1,0,0,0,0,0,0,0,0,0,0,0,0,0,0,0,0,0,0,0,0,1,1,1,1,-1,1,1,1,1,1,1,1,1,1,1,1,-1,1,1,1,0,0,0,0,0,0,0,0,0,0,0,0,0,0,0,0,0,0,0,0,1,1,1,1,-1,1,1,1,1,1,1,1,1,1,1,1,-1,1,1,1
"complete",1,1,1,1,1,1,1,1,1,1,1,1,1,1,1,1,-1,1,1,1,1,1,1,1,-1,1,1,1,1,1,1,1,1,1,1,1,-1,1,1,1,0,0,0,0,0,0,0,0,0,0,0,0,0,0,0,0,0,0,0,0,1,1,1,1,-1,1,1,1,1,1,1,1,1,1,1,1,-1,1,1,1,0,0,0,0,0,0,0,0,0,0,0,0,0,0,0,0,0,0,0,0,1,1,1,1,-1,1,1,1,-1,1,1,1,1,1,1,1,-1,1,1,1
"cyclic",0,0,0,0,0,0,0,0,0,0,0,0,0,0,0,0,0,0,0,0,0,0,0,0,0,0,0,0,0,0,0,0,0,0,0,0,0,0,0,0,-1,1,1,1,-1,1,1,1,-1,1,1,1,-1,1,1,1,-1,1,1,-1,0,0,0,0,0,0,0,0,0,0,0,0,0,0,0,0,0,0,0,0,-1,1,1,1,-1,1,1,1,-1,1,1,1,-1,1,1,1,-1,1,1,-1,0,0,0,0,0,0,0,0,0,0,0,0,0,0,0,0,0,0,0,0
"empty",-1,1,1,1,-1,1,1,1,-1,1,1,1,-1,1,1,1,-1,1,1,-1,-1,1,1,1,-1,1,1,1,-1,1,1,1,-1,1,1,1,-1,1,1,-1,0,0,0,0,0,0,0,0,0,0,0,0,0,0,0,0,0,0,0,0,-1,1,1,1,-1,1,1,1,-1,1,1,1,-1,1,1,1,-1,1,1,-1,0,0,0,0,0,0,0,0,0,0,0,0,0,0,0,0,0,0,0,0,-1,1,1,1,-1,1,1,1,-1,1,1,1,-1,1,1,1,-1,1,1,-1
"empty3",0,0,0,0,0,0,0,0,0,0,0,0,0,0,0,0,0,0,0,0,0,0,0,0,0,0,0,0,0,0,0,0,0,0,0,0,0,0,0,0,-1,1,1,1,-1,1,1,1,-1,1,1,1,-1,1,1,1,-1,1,1,-1,0,0,0,0,0,0,0,0,0,0,0,0,0,0,0,0,0,0,0,0,-1,1,1,1,-1,1,1,1,-1,1,1,1,-1,1,1,1,-1,1,1,-1,0,0,0,0,0,0,0,0,0,0,0,0,0,0,0,0,0,0,0,0
"equivalence",-1,1,1,1,-1,1,1,1,-1,1,1,1,-1,1,1,1,-1,1,1,1,-1,1,1,1,-1,1,1,1,-1,1,1,1,-1,1,1,1,-1,1,1,1,0,0,0,0,0,0,0,0,0,0,0,0,0,0,0,0,0,0,0,0,-1,1,1,1,-1,1,1,1,-1,1,1,1,-1,1,1,1,-1,1,1,1,0,0,0,0,0,0,0,0,0,0,0,0,0,0,0,0,0,0,0,0,-1,1,1,1,-1,1,1,1,-1,1,1,1,-1,1,1,1,-1,1,1,1
"function",1,1,1,1,1,1,1,1,1,1,1,1,1,1,1,1,-1,1,1,1,1,1,1,1,1,1,1,1,1,1,1,1,1,1,1,1,-1,1,1,1,0,0,0,0,0,0,0,0,0,0,0,0,0,0,0,0,0,0,0,0,1,1,1,1,-1,1,1,1,1,1,1,1,1,1,1,1,-1,1,1,1,0,0,0,0,0,0,0,0,0,0,0,0,0,0,0,0,0,0,0,0,1,1,1,1,-1,1,1,1,1,1,1,1,1,1,1,1,-1,1,1,1
"functional",1,1,1,1,1,1,1,1,1,1,1,1,1,1,1,1,-1,1,1,-1,1,1,1,1,1,1,1,-1,1,1,1,1,1,1,1,1,-1,1,1,-1,0,0,0,0,0,0,0,0,0,0,0,0,0,0,0,0,0,0,0,0,1,1,1,1,1,1,1,1,1,1,1,1,1,1,1,1,-1,1,1,-1,0,0,0,0,0,0,0,0,0,0,0,0,0,0,0,0,0,0,0,0,1,1,1,1,1,1,1,1,1,1,1,1,1,1,1,1,-1,1,1,-1
"innerinjective",0,0,0,0,0,0,0,0,0,0,0,0,0,0,0,0,0,0,0,0,0,0,0,0,0,0,0,0,0,0,0,0,0,0,0,0,0,0,0,0,1,1,1,1,1,1,1,-1,1,1,1,1,1,1,1,1,-1,1,1,-1,0,0,0,0,0,0,0,0,0,0,0,0,0,0,0,0,0,0,0,0,1,1,1,1,1,1,1,1,1,1,1,1,1,1,1,1,-1,1,1,-1,0,0,0,0,0,0,0,0,0,0,0,0,0,0,0,0,0,0,0,0
"irreflexive",1,1,1,-1,1,1,1,-1,1,1,1,-1,1,1,1,-1,-1,1,1,-1,1,1,1,-1,1,1,1,-1,1,1,1,-1,1,1,1,-1,-1,1,1,-1,0,0,0,0,0,0,0,0,0,0,0,0,0,0,0,0,0,0,0,0,1,1,1,-1,1,1,1,-1,1,1,1,-1,1,1,1,-1,-1,1,1,-1,0,0,0,0,0,0,0,0,0,0,0,0,0,0,0,0,0,0,0,0,1,1,1,-1,1,1,1,-1,1,1,1,-1,1,1,1,-1,-1,1,1,-1
"irreflexive3",0,0,0,0,0,0,0,0,0,0,0,0,0,0,0,0,0,0,0,0,0,0,0,0,0,0,0,0,0,0,0,0,0,0,0,0,0,0,0,0,1,1,1,-1,1,1,1,-1,1,1,1,-1,1,1,1,-1,-1,1,1,-1,0,0,0,0,0,0,0,0,0,0,0,0,0,0,0,0,0,0,0,0,1,1,1,-1,1,1,1,-1,1,1,1,-1,1,1,1,-1,-1,1,1,-1,0,0,0,0,0,0,0,0,0,0,0,0,0,0,0,0,0,0,0,0
"irreversible",0,0,0,0,0,0,0,0,0,0,0,0,0,0,0,0,0,0,0,0,0,0,0,0,0,0,0,0,0,0,0,0,0,0,0,0,0,0,0,0,1,1,1,-1,1,1,1,-1,1,1,1,-1,1,1,1,-1,-1,1,1,-1,0,0,0,0,0,0,0,0,0,0,0,0,0,0,0,0,0,0,0,0,1,1,1,-1,1,1,1,-1,1,1,1,-1,1,1,1,-1,-1,1,1,-1,0,0,0,0,0,0,0,0,0,0,0,0,0,0,0,0,0,0,0,0
"noDiamond",0,0,0,0,0,0,0,0,0,0,0,0,0,0,0,0,0,0,0,0,0,0,0,0,0,0,0,0,0,0,0,0,0,0,0,0,0,0,0,0,1,1,1,1,1,1,1,-1,1,1,1,1,1,1,1,1,-1,1,1,-1,0,0,0,0,0,0,0,0,0,0,0,0,0,0,0,0,0,0,0,0,1,1,1,1,1,1,1,1,1,1,1,1,1,1,1,1,-1,1,1,-1,0,0,0,0,0,0,0,0,0,0,0,0,0,0,0,0,0,0,0,0
"oneDom",0,0,0,0,0,0,0,0,0,0,0,0,0,0,0,0,0,0,0,0,0,0,0,0,0,0,0,0,0,0,0,0,0,0,0,0,0,0,0,0,1,1,1,1,1,1,1,1,1,1,1,1,1,1,1,1,-1,1,1,1,0,0,0,0,0,0,0,0,0,0,0,0,0,0,0,0,0,0,0,0,1,1,1,1,1,1,1,1,1,1,1,1,1,1,1,1,-1,1,1,1,0,0,0,0,0,0,0,0,0,0,0,0,0,0,0,0,0,0,0,0
"oneMiddle",0,0,0,0,0,0,0,0,0,0,0,0,0,0,0,0,0,0,0,0,0,0,0,0,0,0,0,0,0,0,0,0,0,0,0,0,0,0,0,0,1,1,1,1,1,1,1,1,1,1,1,1,1,1,1,1,-1,1,1,1,0,0,0,0,0,0,0,0,0,0,0,0,0,0,0,0,0,0,0,0,1,1,1,1,1,1,1,1,1,1,1,1,1,1,1,1,-1,1,1,1,0,0,0,0,0,0,0,0,0,0,0,0,0,0,0,0,0,0,0,0
"oneRange",0,0,0,0,0,0,0,0,0,0,0,0,0,0,0,0,0,0,0,0,0,0,0,0,0,0,0,0,0,0,0,0,0,0,0,0,0,0,0,0,1,1,1,1,1,1,1,1,1,1,1,1,1,1,1,1,-1,1,1,1,0,0,0,0,0,0,0,0,0,0,0,0,0,0,0,0,0,0,0,0,1,1,1,1,1,1,1,1,1,1,1,1,1,1,1,1,-1,1,1,1,0,0,0,0,0,0,0,0,0,0,0,0,0,0,0,0,0,0,0,0
"partialOrder",-1,1,1,1,-1,1,1,1,-1,1,1,1,-1,1,1,1,-1,1,1,1,-1,1,1,1,-1,1,1,1,-1,1,1,1,-1,1,1,1,-1,1,1,1,0,0,0,0,0,0,0,0,0,0,0,0,0,0,0,0,0,0,0,0,-1,1,1,1,-1,1,1,1,-1,1,1,1,-1,1,1,1,-1,1,1,1,0,0,0,0,0,0,0,0,0,0,0,0,0,0,0,0,0,0,0,0,-1,1,1,1,-1,1,1,1,-1,1,1,1,-1,1,1,1,-1,1,1,1
"preorder",-1,1,1,1,-1,1,1,1,-1,1,1,1,-1,1,1,1,-1,1,1,1,-1,1,1,1,-1,1,1,1,-1,1,1,1,-1,1,1,1,-1,1,1,1,0,0,0,0,0,0,0,0,0,0,0,0,0,0,0,0,0,0,0,0,-1,1,1,1,-1,1,1,1,-1,1,1,1,-1,1,1,1,-1,1,1,1,0,0,0,0,0,0,0,0,0,0,0,0,0,0,0,0,0,0,0,0,-1,1,1,1,-1,1,1,1,-1,1,1,1,-1,1,1,1,-1,1,1,1
"reflexive",-1,1,1,1,-1,1,1,1,-1,1,1,1,-1,1,1,1,-1,1,1,1,-1,1,1,1,-1,1,1,1,-1,1,1,1,-1,1,1,1,-1,1,1,1,0,0,0,0,0,0,0,0,0,0,0,0,0,0,0,0,0,0,0,0,-1,1,1,1,-1,1,1,1,-1,1,1,1,-1,1,1,1,-1,1,1,1,0,0,0,0,0,0,0,0,0,0,0,0,0,0,0,0,0,0,0,0,-1,1,1,1,-1,1,1,1,-1,1,1,1,-1,1,1,1,-1,1,1,1
"regular",0,0,0,0,0,0,0,0,0,0,0,0,0,0,0,0,0,0,0,0,0,0,0,0,0,0,0,0,0,0,0,0,0,0,0,0,0,0,0,0,-1,1,1,1,-1,1,1,1,-1,1,1,1,-1,1,1,1,-1,1,1,-1,0,0,0,0,0,0,0,0,0,0,0,0,0,0,0,0,0,0,0,0,-1,1,1,1,-1,1,1,1,-1,1,1,1,-1,1,1,1,-1,1,1,-1,0,0,0,0,0,0,0,0,0,0,0,0,0,0,0,0,0,0,0,0
"rootedAll",1,1,1,1,1,1,1,1,1,1,1,1,1,1,1,1,-1,1,1,1,1,1,1,1,-1,1,1,1,1,1,1,1,1,1,1,1,-1,1,1,1,0,0,0,0,0,0,0,0,0,0,0,0,0,0,0,0,0,0,0,0,1,1,1,1,-1,1,1,1,1,1,1,1,1,1,1,1,-1,1,1,1,0,0,0,0,0,0,0,0,0,0,0,0,0,0,0,0,0,0,0,0,1,1,1,1,-1,1,1,1,-1,1,1,1,1,1,1,1,-1,1,1,1
"rootedOne",1,1,1,1,1,1,1,1,1,1,1,1,1,1,1,1,-1,1,1,1,1,1,1,1,-1,1,1,1,1,1,1,1,1,1,1,1,-1,1,1,1,0,0,0,0,0,0,0,0,0,0,0,0,0,0,0,0,0,0,0,0,1,1,1,1,1,1,1,1,1,1,1,1,1,1,1,1,-1,1,1,1,0,0,0,0,0,0,0,0,0,0,0,0,0,0,0,0,0,0,0,0,1,1,1,1,1,1,1,1,-1,1,1,1,1,1,1,1,-1,1,1,1
"stronglyConnected",1,1,1,1,1,1,1,1,1,1,1,1,1,1,1,1,-1,1,1,1,1,1,1,1,-1,1,1,1,1,1,1,1,1,1,1,1,-1,1,1,1,0,0,0,0,0,0,0,0,0,0,0,0,0,0,0,0,0,0,0,0,1,1,1,1,-1,1,1,1,1,1,1,1,1,1,1,1,-1,1,1,1,0,0,0,0,0,0,0,0,0,0,0,0,0,0,0,0,0,0,0,0,1,1,1,1,-1,1,1,1,-1,1,1,1,1,1,1,1,-1,1,1,1
"symmetric",-1,1,1,1,-1,1,1,1,-1,1,1,1,-1,1,1,1,-1,1,1,-1,-1,1,1,1,-1,1,1,1,-1,1,1,1,-1,1,1,1,-1,1,1,-1,0,0,0,0,0,0,0,0,0,0,0,0,0,0,0,0,0,0,0,0,-1,1,1,1,-1,1,1,1,-1,1,1,1,-1,1,1,1,-1,1,1,-1,0,0,0,0,0,0,0,0,0,0,0,0,0,0,0,0,0,0,0,0,-1,1,1,1,-1,1,1,1,-1,1,1,1,-1,1,1,1,-1,1,1,-1
"symmetric3",0,0,0,0,0,0,0,0,0,0,0,0,0,0,0,0,0,0,0,0,0,0,0,0,0,0,0,0,0,0,0,0,0,0,0,0,0,0,0,0,-1,1,1,1,-1,1,1,1,-1,1,1,1,-1,1,1,1,-1,1,1,-1,0,0,0,0,0,0,0,0,0,0,0,0,0,0,0,0,0,0,0,0,-1,1,1,1,-1,1,1,1,-1,1,1,1,-1,1,1,1,-1,1,1,-1,0,0,0,0,0,0,0,0,0,0,0,0,0,0,0,0,0,0,0,0
"total",1,1,1,1,1,1,1,1,1,1,1,1,1,1,1,1,-1,1,1,1,1,1,1,1,1,1,1,1,1,1,1,1,1,1,1,1,-1,1,1,1,0,0,0,0,0,0,0,0,0,0,0,0,0,0,0,0,0,0,0,0,1,1,1,1,-1,1,1,1,1,1,1,1,1,1,1,1,-1,1,1,1,0,0,0,0,0,0,0,0,0,0,0,0,0,0,0,0,0,0,0,0,1,1,1,1,-1,1,1,1,1,1,1,1,1,1,1,1,-1,1,1,1
"totalOrder",-1,1,1,1,-1,1,1,1,-1,1,1,1,-1,1,1,1,-1,1,1,1,-1,1,1,1,-1,1,1,1,-1,1,1,1,-1,1,1,1,-1,1,1,1,0,0,0,0,0,0,0,0,0,0,0,0,0,0,0,0,0,0,0,0,-1,1,1,1,-1,1,1,1,-1,1,1,1,-1,1,1,1,-1,1,1,1,0,0,0,0,0,0,0,0,0,0,0,0,0,0,0,0,0,0,0,0,-1,1,1,1,-1,1,1,1,-1,1,1,1,-1,1,1,1,-1,1,1,1
"transitive",1,1,1,-1,1,1,1,-1,1,1,1,-1,1,1,1,-1,-1,1,1,-1,1,1,1,-1,1,1,1,-1,1,1,1,-1,1,1,1,-1,-1,1,1,-1,0,0,0,0,0,0,0,0,0,0,0,0,0,0,0,0,0,0,0,0,1,1,1,-1,1,1,1,-1,1,1,1,-1,1,1,1,-1,-1,1,1,-1,0,0,0,0,0,0,0,0,0,0,0,0,0,0,0,0,0,0,0,0,1,1,1,-1,1,1,1,-1,1,1,1,-1,1,1,1,-1,-1,1,1,-1
"transitive3",0,0,0,0,0,0,0,0,0,0,0,0,0,0,0,0,0,0,0,0,0,0,0,0,0,0,0,0,0,0,0,0,0,0,0,0,0,0,0,0,1,1,1,-1,1,1,1,-1,1,1,1,-1,1,1,1,-1,-1,1,1,-1,0,0,0,0,0,0,0,0,0,0,0,0,0,0,0,0,0,0,0,0,1,1,1,-1,1,1,1,-1,1,1,1,-1,1,1,1,-1,-1,1,1,-1,0,0,0,0,0,0,0,0,0,0,0,0,0,0,0,0,0,0,0,0
"translative",0,0,0,0,0,0,0,0,0,0,0,0,0,0,0,0,0,0,0,0,0,0,0,0,0,0,0,0,0,0,0,0,0,0,0,0,0,0,0,0,-1,1,1,1,-1,1,1,1,-1,1,1,1,-1,1,1,1,-1,1,1,-1,0,0,0,0,0,0,0,0,0,0,0,0,0,0,0,0,0,0,0,0,-1,1,1,1,-1,1,1,1,-1,1,1,1,-1,1,1,1,-1,1,1,-1,0,0,0,0,0,0,0,0,0,0,0,0,0,0,0,0,0,0,0,0
"tripleBijection",0,0,0,0,0,0,0,0,0,0,0,0,0,0,0,0,0,0,0,0,0,0,0,0,0,0,0,0,0,0,0,0,0,0,0,0,0,0,0,0,-1,1,1,1,-1,1,1,1,-1,1,1,1,-1,1,1,1,-1,1,1,1,0,0,0,0,0,0,0,0,0,0,0,0,0,0,0,0,0,0,0,0,-1,1,1,1,-1,1,1,1,-1,1,1,1,-1,1,1,1,-1,1,1,1,0,0,0,0,0,0,0,0,0,0,0,0,0,0,0,0,0,0,0,0
"tripleBijective",0,0,0,0,0,0,0,0,0,0,0,0,0,0,0,0,0,0,0,0,0,0,0,0,0,0,0,0,0,0,0,0,0,0,0,0,0,0,0,0,1,1,1,1,-1,1,1,1,1,1,1,1,1,1,1,1,-1,1,1,1,0,0,0,0,0,0,0,0,0,0,0,0,0,0,0,0,0,0,0,0,1,1,1,1,-1,1,1,1,1,1,1,1,1,1,1,1,-1,1,1,1,0,0,0,0,0,0,0,0,0,0,0,0,0,0,0,0,0,0,0,0
"tripleFunction",0,0,0,0,0,0,0,0,0,0,0,0,0,0,0,0,0,0,0,0,0,0,0,0,0,0,0,0,0,0,0,0,0,0,0,0,0,0,0,0,1,1,1,1,-1,1,1,1,1,1,1,1,1,1,1,1,-1,1,1,1,0,0,0,0,0,0,0,0,0,0,0,0,0,0,0,0,0,0,0,0,1,1,1,1,-1,1,1,1,1,1,1,1,1,1,1,1,-1,1,1,1,0,0,0,0,0,0,0,0,0,0,0,0,0,0,0,0,0,0,0,0
"tripleFunctional",0,0,0,0,0,0,0,0,0,0,0,0,0,0,0,0,0,0,0,0,0,0,0,0,0,0,0,0,0,0,0,0,0,0,0,0,0,0,0,0,1,1,1,1,1,1,1,1,1,1,1,1,1,1,1,1,-1,1,1,-1,0,0,0,0,0,0,0,0,0,0,0,0,0,0,0,0,0,0,0,0,1,1,1,1,1,1,1,1,1,1,1,1,1,1,1,1,-1,1,1,-1,0,0,0,0,0,0,0,0,0,0,0,0,0,0,0,0,0,0,0,0
"tripleInjective",0,0,0,0,0,0,0,0,0,0,0,0,0,0,0,0,0,0,0,0,0,0,0,0,0,0,0,0,0,0,0,0,0,0,0,0,0,0,0,0,1,1,1,1,1,1,1,1,1,1,1,1,1,1,1,1,-1,1,1,-1,0,0,0,0,0,0,0,0,0,0,0,0,0,0,0,0,0,0,0,0,1,1,1,1,1,1,1,1,1,1,1,1,1,1,1,1,-1,1,1,-1,0,0,0,0,0,0,0,0,0,0,0,0,0,0,0,0,0,0,0,0
"tripleRootedOne",0,0,0,0,0,0,0,0,0,0,0,0,0,0,0,0,0,0,0,0,0,0,0,0,0,0,0,0,0,0,0,0,0,0,0,0,0,0,0,0,1,1,1,1,1,1,1,1,1,1,1,1,1,1,1,1,-1,1,1,1,0,0,0,0,0,0,0,0,0,0,0,0,0,0,0,0,0,0,0,0,1,1,1,1,-1,1,1,1,1,1,1,1,1,1,1,1,-1,1,1,1,0,0,0,0,0,0,0,0,0,0,0,0,0,0,0,0,0,0,0,0
"tripleSourcesAll",0,0,0,0,0,0,0,0,0,0,0,0,0,0,0,0,0,0,0,0,0,0,0,0,0,0,0,0,0,0,0,0,0,0,0,0,0,0,0,0,1,1,1,1,-1,1,1,1,1,1,1,1,1,1,1,1,-1,1,1,1,0,0,0,0,0,0,0,0,0,0,0,0,0,0,0,0,0,0,0,0,1,1,1,1,-1,1,1,1,1,1,1,1,1,1,1,1,-1,1,1,1,0,0,0,0,0,0,0,0,0,0,0,0,0,0,0,0,0,0,0,0
"tripleStronglyConnected",0,0,0,0,0,0,0,0,0,0,0,0,0,0,0,0,0,0,0,0,0,0,0,0,0,0,0,0,0,0,0,0,0,0,0,0,0,0,0,0,1,1,1,1,-1,1,1,1,1,1,1,1,1,1,1,1,-1,1,1,1,0,0,0,0,0,0,0,0,0,0,0,0,0,0,0,0,0,0,0,0,1,1,1,1,-1,1,1,1,-1,1,1,1,1,1,1,1,-1,1,1,1,0,0,0,0,0,0,0,0,0,0,0,0,0,0,0,0,0,0,0,0
"tripleSurjective",0,0,0,0,0,0,0,0,0,0,0,0,0,0,0,0,0,0,0,0,0,0,0,0,0,0,0,0,0,0,0,0,0,0,0,0,0,0,0,0,1,1,1,1,1,1,1,1,1,1,1,1,1,1,1,1,-1,1,1,1,0,0,0,0,0,0,0,0,0,0,0,0,0,0,0,0,0,0,0,0,1,1,1,1,-1,1,1,1,1,1,1,1,1,1,1,1,-1,1,1,1,0,0,0,0,0,0,0,0,0,0,0,0,0,0,0,0,0,0,0,0
"tripleTotal",0,0,0,0,0,0,0,0,0,0,0,0,0,0,0,0,0,0,0,0,0,0,0,0,0,0,0,0,0,0,0,0,0,0,0,0,0,0,0,0,1,1,1,1,-1,1,1,1,1,1,1,1,1,1,1,1,-1,1,1,1,0,0,0,0,0,0,0,0,0,0,0,0,0,0,0,0,0,0,0,0,1,1,1,1,-1,1,1,1,1,1,1,1,1,1,1,1,-1,1,1,1,0,0,0,0,0,0,0,0,0,0,0,0,0,0,0,0,0,0,0,0
"weaklyConnected",1,1,1,1,1,1,1,1,1,1,1,1,1,1,1,1,-1,1,1,1,1,1,1,1,-1,1,1,1,1,1,1,1,1,1,1,1,-1,1,1,1,0,0,0,0,0,0,0,0,0,0,0,0,0,0,0,0,0,0,0,0,1,1,1,1,-1,1,1,1,1,1,1,1,1,1,1,1,-1,1,1,1,0,0,0,0,0,0,0,0,0,0,0,0,0,0,0,0,0,0,0,0,1,1,1,1,-1,1,1,1,1,1,1,1,1,1,1,1,-1,1,1,1
"weaklyRegular",0,0,0,0,0,0,0,0,0,0,0,0,0,0,0,0,0,0,0,0,0,0,0,0,0,0,0,0,0,0,0,0,0,0,0,0,0,0,0,0,1,1,1,-1,1,1,1,-1,1,1,1,-1,1,1,1,-1,-1,1,1,-1,0,0,0,0,0,0,0,0,0,0,0,0,0,0,0,0,0,0,0,0,1,1,1,-1,1,1,1,-1,1,1,1,-1,1,1,1,-1,-1,1,1,-1,0,0,0,0,0,0,0,0,0,0,0,0,0,0,0,0,0,0,0,0
"weaklyTransitive",0,0,0,0,0,0,0,0,0,0,0,0,0,0,0,0,0,0,0,0,0,0,0,0,0,0,0,0,0,0,0,0,0,0,0,0,0,0,0,0,1,1,1,-1,1,1,1,-1,1,1,1,-1,1,1,1,-1,-1,1,1,-1,0,0,0,0,0,0,0,0,0,0,0,0,0,0,0,0,0,0,0,0,1,1,1,-1,1,1,1,-1,1,1,1,-1,1,1,1,-1,-1,1,1,-1,0,0,0,0,0,0,0,0,0,0,0,0,0,0,0,0,0,0,0,0
"weaklyTranslative",0,0,0,0,0,0,0,0,0,0,0,0,0,0,0,0,0,0,0,0,0,0,0,0,0,0,0,0,0,0,0,0,0,0,0,0,0,0,0,0,1,1,1,-1,1,1,1,-1,1,1,1,-1,1,1,1,-1,-1,1,1,-1,0,0,0,0,0,0,0,0,0,0,0,0,0,0,0,0,0,0,0,0,1,1,1,-1,1,1,1,-1,1,1,1,-1,1,1,1,-1,-1,1,1,-1,0,0,0,0,0,0,0,0,0,0,0,0,0,0,0,0,0,0,0,0
